{"action": {"mean": [0.1388888955116272, -0.002913752803578973, -0.0976107195019722, 0.0, 0.0, 0.0, -0.49494948983192444], "std": [0.2505599856376648, 0.09461166709661484, 0.47739461064338684, 0.0, 0.0, 0.0, 0.8689177632331848], "max": [1.0, 0.75, 0.75, 0.0, 0.0, -0.0, 1.0], "min": [-0.375, -0.75, -0.75, 0.0, 0.0, -0.0, -1.0], "q01": [0.0, -0.375, -0.75, 0.0, 0.0, -0.0, -1.0], "q99": [0.75, 0.375, 0.75, 0.0, 0.0, 0.0, 1.0]}, "proprio": {"mean": [0.0, 0.0, 0.0, 0.0, 0.0, 0.0, 0.0], "std": [0.0, 0.0, 0.0, 0.0, 0.0, 0.0, 0.0], "max": [0.0, 0.0, 0.0, 0.0, 0.0, 0.0, 0.0], "min": [0.0, 0.0, 0.0, 0.0, 0.0, 0.0, 0.0], "q01": [0.0, 0.0, 0.0, 0.0, 0.0, 0.0, 0.0], "q99": [0.0, 0.0, 0.0, 0.0, 0.0, 0.0, 0.0]}, "num_transitions": 1287, "num_trajectories": 22}