{
  "pick_up_the_popcorn_and_put_it_in_the_basket": {
    "demo_1": {
      "success": true,
      "initial_state": [
        0.0,
        0.009313248794609198,
        -0.19176226272554447,
        0.029765043875911994,
        -2.4066796864793885,
        0.023575591423193015,
        2.223153703283753,
        0.7639831109672375,
        0.020833,
        -0.020833,
        0.0,
        0.0,
        0.034999999999999996,
        0.0,
        0.0,
        0.0,
        1.0,
        0.0,
        0.25,
        0.034999999999999996,
        0.7071067811865475,
        0.0,
        0.0,
        0.7071067811865476,
        -0.006757628394589215,
        -0.30003973145780105,
        0.034999999999999996,
        0.7071067811865475,
        0.0,
        0.0,
        0.7071067811865476,
        0.0,
        0.0,
        0.0,
        0.0,
        0.0,
        0.0,
        0.0,
        0.0,
        0.0,
        0.0,
        0.0,
        0.0,
        0.0,
        0.0,
        0.0,
        0.0,
        0.0,
        0.0,
        0.0,
        0.0,
        0.0,
        0.0,
        0.0,
        0.0,
        0.0,
        0.0,
        0.0
      ]
    },
    "demo_2": {
      "success": true,
      "initial_state": [
        0.0,
        -0.007191063230810826,
        -0.16516580784650958,
        0.009768529349052266,
        -2.4613640893106425,
        0.007623274888707481,
        2.2069341343568483,
        0.805755764391794,
        0.020833,
        -0.020833,
        0.0,
        0.0,
        0.034999999999999996,
        0.0,
        0.0,
        0.0,
        1.0,
        0.0,
        0.25,
        0.034999999999999996,
        0.7071067811865475,
        0.0,
        0.0,
        0.7071067811865476,
        0.006899760804235055,
        -0.30705582066367787,
        0.034999999999999996,
        0.7071067811865475,
        0.0,
        0.0,
        0.7071067811865476,
        0.0,
        0.0,
        0.0,
        0.0,
        0.0,
        0.0,
        0.0,
        0.0,
        0.0,
        0.0,
        0.0,
        0.0,
        0.0,
        0.0,
        0.0,
        0.0,
        0.0,
        0.0,
        0.0,
        0.0,
        0.0,
        0.0,
        0.0,
        0.0,
        0.0,
        0.0,
        0.0
      ]
    },
    "demo_3": {
      "success": true,
      "initial_state": [
        0.0,
        -0.003027144165953958,
        -0.1513511459175867,
        0.01158280957413457,
        -2.448229121454624,
        0.028204092622624286,
        2.2192627661803956,
        0.7909021297089747,
        0.020833,
        -0.020833,
        0.0,
        0.0,
        0.034999999999999996,
        0.0,
        0.0,
        0.0,
        1.0,
        0.0,
        0.25,
        0.034999999999999996,
        0.7071067811865475,
        0.0,
        0.0,
        0.7071067811865476,
        -0.008227010683026502,
        -0.2986845099664964,
        0.034999999999999996,
        0.7071067811865475,
        0.0,
        0.0,
        0.7071067811865476,
        0.0,
        0.0,
        0.0,
        0.0,
        0.0,
        0.0,
        0.0,
        0.0,
        0.0,
        0.0,
        0.0,
        0.0,
        0.0,
        0.0,
        0.0,
        0.0,
        0.0,
        0.0,
        0.0,
        0.0,
        0.0,
        0.0,
        0.0,
        0.0,
        0.0,
        0.0,
        0.0
      ]
    },
    "demo_4": {
      "success": true,
      "initial_state": [
        0.0,
        -0.0005636445667730974,
        -0.15247075158939166,
        0.0013303444476633578,
        -2.4385480320452046,
        -0.012686441873619272,
        2.2194973766802573,
        0.7719489544419292,
        0.020833,
        -0.020833,
        0.0,
        0.0,
        0.034999999999999996,
        0.0,
        0.0,
        0.0,
        1.0,
        0.0,
        0.25,
        0.034999999999999996,
        0.7071067811865475,
        0.0,
        0.0,
        0.7071067811865476,
        -0.0006974416040009899,
        -0.2878182153227532,
        0.034999999999999996,
        0.7071067811865475,
        0.0,
        0.0,
        0.7071067811865476,
        0.0,
        0.0,
        0.0,
        0.0,
        0.0,
        0.0,
        0.0,
        0.0,
        0.0,
        0.0,
        0.0,
        0.0,
        0.0,
        0.0,
        0.0,
        0.0,
        0.0,
        0.0,
        0.0,
        0.0,
        0.0,
        0.0,
        0.0,
        0.0,
        0.0,
        0.0,
        0.0
      ]
    },
    "demo_5": {
      "success": true,
      "initial_state": [
        0.0,
        -0.03961592936447854,
        -0.15606677645140618,
        -0.0006249067084790244,
        -2.4473869492497937,
        -0.0038131195842528278,
        2.2357249505498107,
        0.7655495679642765,
        0.020833,
        -0.020833,
        0.0,
        0.0,
        0.034999999999999996,
        0.0,
        0.0,
        0.0,
        1.0,
        0.0,
        0.25,
        0.034999999999999996,
        0.7071067811865475,
        0.0,
        0.0,
        0.7071067811865476,
        0.010854511459541586,
        -0.2908974708504016,
        0.034999999999999996,
        0.7071067811865475,
        0.0,
        0.0,
        0.7071067811865476,
        0.0,
        0.0,
        0.0,
        0.0,
        0.0,
        0.0,
        0.0,
        0.0,
        0.0,
        0.0,
        0.0,
        0.0,
        0.0,
        0.0,
        0.0,
        0.0,
        0.0,
        0.0,
        0.0,
        0.0,
        0.0,
        0.0,
        0.0,
        0.0,
        0.0,
        0.0,
        0.0
      ]
    }
  }
}